request-0,6715
request-1,10062
request-2,28251
request-3,24533
request-4,24341
request-5,140427
request-6,259195
request-7,350149
request-8,354934
request-9,355084
request-12,425379
request-13,428906
request-14,443914
request-15,461457
request-17,475117
request-18,534716
request-19,542708
request-21,548462
request-22,550980
request-26,610871
request-27,614795
request-30,616334
request-35,635545
request-36,699528
request-40,744018
request-42,790805
request-43,793931
request-46,794120
request-47,859239
request-48,906964
request-49,950668
request-50,957063
request-52,1024885
request-53,1072879
request-56,1079640
request-57,1080420
request-58,1081090
request-59,1091133
request-60,1091248
request-61,1093473
request-62,1109964
request-63,1125322
request-65,1128099
request-67,1128217
request-68,1189502
request-69,1187713
request-70,1189913
request-71,1199333
request-72,1201093
request-73,1201336
request-74,1216881
